Ensemble_mean,Ensemble_index,NMSE,Mean_Quantile_Loss
False,0,0.01268277451478754,0.4353101099639438
False,1,0.012533911990367191,0.4330950282301762
False,2,0.012403394766275203,0.4325705515306719
False,3,0.012363724768677536,0.43208561388709515
False,4,0.01260423860552206,0.43368478751718176
True,,0.011955782603877552,0.420214079779069
