Ensemble_mean,Ensemble_index,NMSE,NMSE no B10,Mean_Quantile_Loss
False,0,0.027813483792589286,0.024252277671852503,0.43409105300959416
False,1,0.028170126215285262,0.02459866929470372,0.4347853848199072
False,2,0.027931673190333333,0.02449252426230255,0.4362791261388486
False,3,0.02882592218307981,0.024664042226134043,0.43545227330980635
False,4,0.027727962086697144,0.024356162612820777,0.436035299143042
True,,0.026451189218972927,0.023112216903554098,0.417474262729628
