Ensemble_mean,Ensemble_index,MSE,PSNR,R2_score,Mean_Quantile_Loss
False,0,0.008147367486542337,20.918525636961263,0.8116435612932711,0.48431818659980136
False,1,0.008110985510613934,20.937962436940754,0.812587927126422,0.4829682399594022
False,2,0.008128839659316866,20.928413120610465,0.812358601001736,0.48469973916508335
False,3,0.00815667867580914,20.913565152284157,0.8117665415189826,0.48365763941213946
False,4,0.008144139937993122,20.920246418846954,0.8118837050771606,0.4838296955185717
True,,0.007682815655657152,21.17349456586798,0.8227170807088783,0.4644553649489518
