Ensemble_mean,Ensemble_index,NMSE,Mean_Quantile_Loss
False,0,0.012330378528172498,0.422951893697197
False,1,0.012266916017127764,0.4225697528657831
False,2,0.012268589476835748,0.4229774643429578
False,3,0.012331502305212719,0.42331671506988133
False,4,0.012253344611010984,0.42275290405814486
True,,0.011966390347348288,0.41524414695794176
