Ensemble_mean,Ensemble_index,NMSE,Mean_Quantile_Loss
False,0,0.012477984912775367,0.4329391966825885
False,1,0.012495841227656193,0.43291603865561845
False,2,0.012251002214123364,0.430970826318391
False,3,0.012559829921388922,0.43146732703310453
False,4,0.01246342684988928,0.4337375646009119
True,,0.011936522498049724,0.41985547788450023
