Ensemble_mean,Ensemble_index,NMSE,Mean_Quantile_Loss
False,0,0.03948216913928421,0.07950427468891805
False,1,0.03740026993194813,0.08051656552690133
False,2,0.03765979362374833,0.07932914448465511
False,3,0.03908020931330503,0.07966550768378099
False,4,0.03836006609880301,0.07947518363136219
True,,0.036314978050834064,0.07731908484442368
