Ensemble_mean,Ensemble_index,MSE,PSNR,R2_score,Mean_Quantile_Loss
False,0,0.004674793882057497,23.32377665950217,0.8462458859528613,0.396304641270301
False,1,0.004615109995916381,23.37958076551668,0.8481062724741188,0.39655003987938314
False,2,0.004638860050345406,23.357288624568664,0.847905316317021,0.39495858418686586
False,3,0.004631500567560328,23.364184113463658,0.8480538609601073,0.39514267703424394
False,4,0.0046638973620520465,23.333911485751848,0.8471318748427678,0.3954215396014362
True,,0.0045185973612121245,23.47136488589637,0.8516329322823063,0.3876099074483275
