Ensemble_mean,Ensemble_index,MSE,PSNR,R2_score,Mean_Quantile_Loss
False,0,0.006770695084111179,21.722366133387382,0.8464593100993963,0.43399260096216824
False,1,0.006808306535276094,21.69830768207032,0.8459107060191863,0.43466416223524057
False,2,0.006835324042878376,21.681107612431635,0.8450245681490278,0.4363489242198582
False,3,0.006824983740132944,21.68768248227,0.8450304045622211,0.4357164708721675
False,4,0.006815699729526443,21.69359420246772,0.8456780197394393,0.4362784692085898
True,,0.006456332592232233,21.928839746918914,0.85368722955903,0.41752304347644364
