Ensemble_mean,Ensemble_index,NMSE,Mean_Quantile_Loss
False,0,0.015977461870809898,0.43409105300959416
False,1,0.01607465014464807,0.4347853848199072
False,2,0.016111888767592963,0.4362791261388486
False,3,0.016115237180757587,0.43545227330980635
False,4,0.016069765879811616,0.436035299143042
True,,0.01523127572662794,0.417474262729628
