Ensemble_mean,Ensemble_index,NMSE,NMSE no B10,Mean_Quantile_Loss
False,0,0.022986218427938968,0.017542210157047197,0.4341259768532018
False,1,0.023863059489224125,0.017599750958863066,0.43535664298007903
False,2,0.02399062226676273,0.01766866381421561,0.4349760533258134
False,3,0.02326736560903153,0.017479395273640324,0.43339335961117786
False,4,0.02473936264004037,0.018087169958084057,0.4368602703800955
True,,0.02248569715225732,0.01672039336732559,0.4208301386070617
