Ensemble_mean,Ensemble_index,NMSE,Mean_Quantile_Loss
False,0,0.012595011794278644,0.4341259768532018
False,1,0.012503955368836226,0.43535664298007903
False,2,0.012623386910799882,0.4349760533258134
False,3,0.012529880682687157,0.43339335961117786
False,4,0.012791412080900608,0.4368602703800955
True,,0.011999775519344115,0.4208301386070617
