Ensemble_mean,Ensemble_index,MSE,PSNR,R2_score,Mean_Quantile_Loss
False,0,0.023588589282253426,16.174947624501545,0.532635231570373,0.07802987661229072
False,1,0.023537335522144077,16.184394328862748,0.5336507311171252,0.07808448403908501
False,2,0.02397420487199144,16.10452518811751,0.5249949636999942,0.07840758991059624
False,3,0.023565634973709126,16.179175848157612,0.5330900292256673,0.07813346347771052
False,4,0.023219044742980584,16.24352382673243,0.5399570809592902,0.07833043179049042
True,,0.022461140240414762,16.387649316344067,0.5549735729629022,0.07636567321907757
