Ensemble_mean,Ensemble_index,NMSE,Mean_Quantile_Loss
False,0,0.012184490486645378,0.42490583709418067
False,1,0.012222653985451337,0.42506416355841276
False,2,0.012171900098054933,0.42307472727591405
False,3,0.012263497607790231,0.42470109840978587
False,4,0.012186991562693032,0.4243020917668
True,,0.011861886403881047,0.41619500900915746
