Ensemble_mean,Ensemble_index,NMSE,Mean_Quantile_Loss
False,0,0.03946284093631031,0.07802987661229072
False,1,0.03937709528368221,0.07808448403908501
False,2,0.040107961613019945,0.07840758991059624
False,3,0.0394244392236836,0.07813346347771052
False,4,0.03884460653501961,0.07833043179049042
True,,0.037576660221156306,0.07636567321907757
