Ensemble_mean,Ensemble_index,NMSE,NMSE no B10,Mean_Quantile_Loss
False,0,0.027124057585916943,0.023905532688397277,0.42491413969794367
False,1,0.02706152450303176,0.023649984484544917,0.42210618497804964
False,2,0.026818366569190927,0.02366618822925152,0.4199136472722489
False,3,0.02706205811299424,0.023402474571098363,0.4242252537159727
False,4,0.026685250002724245,0.023622712404468105,0.42035478069115434
True,,0.025915698857343215,0.022816700950315894,0.41121476793147466
