Ensemble_mean,Ensemble_index,NMSE,NMSE no B10,Mean_Quantile_Loss
False,0,0.03315949996494945,0.02916554735605943,0.48431818659980136
False,1,0.03342102447438114,0.029300124587999434,0.4829682399594022
False,2,0.033296059955453934,0.029139575828527723,0.48469973916508335
False,3,0.033363551036464635,0.029330715350465622,0.48365763941213946
False,4,0.0337463863248276,0.02935007730909449,0.4838296955185717
True,,0.03131086540062923,0.027533452376646762,0.4644553649489518
