Ensemble_mean,Ensemble_index,MSE,PSNR,R2_score,Mean_Quantile_Loss
False,0,0.004713735785719015,23.28774897154083,0.8454920691433395,0.40983800996769476
False,1,0.004664798207238467,23.333072714474937,0.8472969420684356,0.4083619388712127
False,2,0.004719517761685581,23.282425080777962,0.84547150763883,0.40940999565026326
False,3,0.00471141476298272,23.289887945092307,0.8454125943089604,0.4118833397592125
False,4,0.004695431751352467,23.304646005456647,0.8454633820042204,0.4086452316186797
True,,0.004573322901464492,23.41908266938578,0.8500012212851362,0.4016068299171361
