Ensemble_mean,Ensemble_index,NMSE,NMSE no B10,Mean_Quantile_Loss
False,0,0.022428156610906993,0.016889746098231604,0.43048343171751713
False,1,0.022412929643234884,0.017155071058881498,0.4306079402812058
False,2,0.0222264670407048,0.01696015286165228,0.4273547300029751
False,3,0.021982269446090424,0.01701840494558649,0.42827778591922305
False,4,0.022735322657300147,0.016971957206821982,0.42809439229167445
True,,0.02121807228789564,0.01622258588803385,0.4157011515467614
