Ensemble_mean,Ensemble_index,MSE,PSNR,R2_score,Mean_Quantile_Loss
False,0,0.006901189595078262,21.639459104160434,0.84338467021878,0.43733801126726446
False,1,0.006893402316257247,21.644362435265844,0.8436373823044433,0.4391229298422106
False,2,0.0068059849350768885,21.69978885818245,0.8458471858179291,0.4371343866338438
False,3,0.006924962872611042,21.624524199532086,0.8429976308538786,0.439593905666322
False,4,0.006844409642522843,21.67533874812286,0.8446160711829646,0.4371039326629079
True,,0.006490957583570022,21.90561098117922,0.853142553640188,0.4192656778916739
