Ensemble_mean,Ensemble_index,NMSE,Mean_Quantile_Loss
False,0,0.016313161440797426,0.43733801126726446
False,1,0.016294753725020098,0.4391229298422106
False,2,0.01608811487931383,0.4371343866338438
False,3,0.01636935716024929,0.439593905666322
False,4,0.016178943923675734,0.4371039326629079
True,,0.015343447315468968,0.4192656778916739
