Ensemble_mean,Ensemble_index,NMSE,NMSE no B10,Mean_Quantile_Loss
False,0,0.028838652025471655,0.024957693090598233,0.43733801126726446
False,1,0.028351256477741588,0.02479095263596619,0.4391229298422106
False,2,0.028008809513106848,0.024560791808035207,0.4371343866338438
False,3,0.028387507906569496,0.02494565386595924,0.439593905666322
False,4,0.0284643076649147,0.024732528794059117,0.4371039326629079
True,,0.026380613575375012,0.02331657095392874,0.4192656778916739
