Ensemble_mean,Ensemble_index,NMSE,NMSE no B10,Mean_Quantile_Loss
False,0,0.02295161756328844,0.01744969259713847,0.4330083475803086
False,1,0.023110006483057,0.017575118622913753,0.4327459645908466
False,2,0.022644640085149548,0.01715243618815998,0.4307187960674216
False,3,0.0232989466995865,0.017618336427266762,0.43122387503844556
False,4,0.02355618863385367,0.017486482436951913,0.4334484061137909
True,,0.022100935502033552,0.016692214953321224,0.41967416625037074
