Ensemble_mean,Ensemble_index,MSE,PSNR,R2_score,Mean_Quantile_Loss
False,0,0.00491126204354335,23.10947026142678,0.8383933080306245,0.4391720745323951
False,1,0.004968748171350462,23.05893146786659,0.8367992483939818,0.4405984648247424
False,2,0.004919874739025582,23.10186087268184,0.8379702583107457,0.4399567907643548
False,3,0.004949666884553862,23.07564161306668,0.8378599682112021,0.4395570350734738
False,4,0.004916726095751728,23.104641179556115,0.8387075942352625,0.4402522049004985
True,,0.004810713215702022,23.199306651699494,0.8420136266295525,0.43219021314984846
