Ensemble_mean,Ensemble_index,NMSE,Mean_Quantile_Loss
False,0,0.012171184966383754,0.43090098404199445
False,1,0.012264947147662538,0.43016516473706096
False,2,0.012058604469138144,0.42660982030379074
False,3,0.012166957799568482,0.42804738720208524
False,4,0.012195029764790718,0.42811762209733445
True,,0.011659300710501383,0.4155333449478353
