Ensemble_mean,Ensemble_index,MSE,PSNR,R2_score,Mean_Quantile_Loss
False,0,0.004824505176018949,23.186873562779965,0.8415108645406634,0.4338495170047884
False,1,0.004875435423341341,23.141267245068985,0.8403581636595733,0.43520592031325284
False,2,0.004814462147159102,23.19592356460592,0.8423870999354146,0.4332728450797983
False,3,0.004862500699939503,23.15280456104837,0.8404606106773777,0.4351630104230733
False,4,0.004870492172919789,23.145672832004948,0.8406717042483942,0.43461869724358104
True,,0.004708296579566173,23.29276321345582,0.845737180976703,0.42587170190571033
