Ensemble_mean,Ensemble_index,MSE,PSNR,R2_score,Mean_Quantile_Loss
False,0,0.004976091096522315,23.052518106369646,0.8370651293157625,0.4435490007749966
False,1,0.004977312999977315,23.051451805985486,0.8365057608673637,0.44267030101782
False,2,0.005006079734556801,23.02642370381838,0.8348442713725969,0.44396128062574164
False,3,0.005026646118834671,23.00861821437048,0.8352372229941937,0.4501737851650981
False,4,0.0050737831384558415,22.968082321067847,0.8328585710497615,0.4461538835361348
True,,0.004819014108416469,23.19181935185739,0.8418995700987408,0.43308952034601045
