Ensemble_mean,Ensemble_index,MSE,PSNR,R2_score,Mean_Quantile_Loss
False,0,0.006831256018638219,21.68369307349647,0.8448524559084766,0.4362910122889769
False,1,0.00679993570017907,21.70365063215481,0.8459909971813193,0.4335832495221338
False,2,0.006902521526037933,21.638620995824525,0.8435323159456849,0.4382963098157672
False,3,0.0067697164403075815,21.722993912836515,0.8468033824933602,0.435524199305634
False,4,0.006751485675772472,21.73470518697969,0.8472676177088677,0.4354414241523007
True,,0.006446443185028845,21.935497098628176,0.8541381981453385,0.41708323041940765
