Ensemble_mean,Ensemble_index,MSE,PSNR,R2_score,Mean_Quantile_Loss
False,0,0.004977325737214669,23.05144069214792,0.8361693355129157,0.43969432135136205
False,1,0.004999087084116138,23.03249430723713,0.8362159497377716,0.44025772619709214
False,2,0.004941309119918692,23.08298109488191,0.8380443497348896,0.4382509299780897
False,3,0.0049335148304556035,23.08983694896934,0.8378123252432049,0.4378651473073936
False,4,0.00485176009578325,23.162408147190906,0.840630638521534,0.43579609749521203
True,,0.0047987866073678125,23.210086948160942,0.8424895938596096,0.43013423387913097
