Ensemble_mean,Ensemble_index,MSE,PSNR,R2_score,Mean_Quantile_Loss
False,0,0.006894407829684796,21.64372899321926,0.8444495560791574,0.4353580047314311
False,1,0.006808057288478944,21.69846667680643,0.8456411626019857,0.43368347904004123
False,2,0.0068777536331823515,21.65423254298757,0.8444817904842314,0.4364335072360925
False,3,0.006738495006502237,21.743069584019427,0.8468134124642511,0.4328420078266703
False,4,0.006789315701812081,21.71043865526385,0.8467619417869198,0.43177553592605444
True,,0.006433269537572578,21.94438121664406,0.854416686340948,0.4161374320744573
