Ensemble_mean,Ensemble_index,MSE,PSNR,R2_score,Mean_Quantile_Loss
False,0,0.004975356140712913,23.053159595482615,0.8362337547130952,0.43959959663574755
False,1,0.004998566511368007,23.03294657710223,0.8362348824844164,0.44033366397311147
False,2,0.004941620097070112,23.082707783886875,0.8380404603306886,0.4382915080908974
False,3,0.004932228080564013,23.090969815263776,0.8378552131768435,0.43780384633939645
False,4,0.0048501122949287405,23.16388338989963,0.840682408522358,0.4357770430903772
True,,0.0047977525923655,23.211022841824484,0.8425229084192738,0.43011619639921644
