Ensemble_mean,Ensemble_index,NMSE,Mean_Quantile_Loss
False,0,0.01623214779755725,0.43808396091500473
False,1,0.016523413067888404,0.439277302999542
False,2,0.016345346823674153,0.4373436614947277
False,3,0.016206618452627334,0.4372111374727292
False,4,0.01608281507810245,0.43626460763949154
True,,0.01525769487142056,0.4183787520614589
