Ensemble_mean,Ensemble_index,MSE,PSNR,R2_score,Mean_Quantile_Loss
False,0,0.006866917236907989,21.66108056157638,0.8444795286919935,0.43808396091500473
False,1,0.006990135342749224,21.583842846549764,0.8416403193290877,0.439277302999542
False,2,0.006914805437122643,21.630899044654104,0.8434884176964843,0.4373436614947277
False,3,0.006856117193627665,21.667916367743114,0.8445181435410488,0.4372111374727292
False,4,0.006803742884502645,21.701219761451433,0.8456392398815962,0.43626460763949154
True,,0.006454680502835723,21.929951190780287,0.8538307441798364,0.4183787520614589
