Ensemble_mean,Ensemble_index,MSE,PSNR,R2_score,Mean_Quantile_Loss
False,0,0.006687497498946691,21.776062366684368,0.8481448769497756,0.43641319198502887
False,1,0.006722074970518028,21.75366517480045,0.8477280746144653,0.43589027959988724
False,2,0.00674982837794328,21.735771387355207,0.8465957393861782,0.43589720209653005
False,3,0.00677912658892649,21.71696125563119,0.845951033910854,0.4358498257437781
False,4,0.0067194220721605484,21.755379476606276,0.8480438457156799,0.4357371219274967
True,,0.006344854889353191,22.00448175307872,0.856189351514971,0.4174357906996924
