Ensemble_mean,Ensemble_index,NMSE,Mean_Quantile_Loss
False,0,0.01219883276940212,0.4238700672302519
False,1,0.012232411341761779,0.4245857737555163
False,2,0.01232551574489952,0.4266810224434381
False,3,0.012206155167608734,0.4246771714493081
False,4,0.012261830625346592,0.42335719099530617
True,,0.011912256082206824,0.41647219049421874
