Ensemble_mean,Ensemble_index,NMSE,Mean_Quantile_Loss
False,0,0.016157251175338908,0.431647940959231
False,1,0.0160499072666453,0.4283930416790668
False,2,0.015896753517154923,0.4285105324754692
False,3,0.015855759809060777,0.42924721883596584
False,4,0.01595714594053761,0.43162304134072776
True,,0.015034060057816807,0.4115363528073696
