Ensemble_mean,Ensemble_index,MSE,PSNR,R2_score,Mean_Quantile_Loss
False,0,0.006667061554960818,21.789354044226723,0.8496580458154033,0.42893632769844126
False,1,0.00682673118299832,21.68657067353052,0.845693462166556,0.43134026419646315
False,2,0.006774153728820147,21.720148212219918,0.8466095481413035,0.432099465707009
False,3,0.006838295114054438,21.67922029961035,0.8452123543302372,0.43014956146843003
False,4,0.006743722916288538,21.739701514316245,0.8479419150758196,0.4308083408787201
True,,0.006414777067253115,21.956883013390993,0.8551860432178192,0.4128630328352481
