Ensemble_mean,Ensemble_index,MSE,PSNR,R2_score,Mean_Quantile_Loss
False,0,0.004934055222134483,23.089361271323902,0.8379740210975055,0.443185581713906
False,1,0.004928737310474193,23.094044610054777,0.8388462027706405,0.44250162975731666
False,2,0.004952292332279308,23.07333859916521,0.8372338256173437,0.4405253119730153
False,3,0.0049562651840199924,23.0698559778492,0.8378488444741642,0.4432787539159748
False,4,0.004988541547250969,23.041665393468364,0.8361144985010024,0.44330411737721426
True,,0.004744955332710633,23.25908004461994,0.8443517942646057,0.4293685811568272
