Ensemble_mean,Ensemble_index,MSE,PSNR,R2_score,Mean_Quantile_Loss
False,0,0.006710527756244274,21.761131922351552,0.8486286023333331,0.4289788652375558
False,1,0.006621972124969617,21.81882521008358,0.8504980250927919,0.4285161934449533
False,2,0.0066243660344459535,21.81725547560367,0.8502380070157055,0.430947935555839
False,3,0.0065979578051033405,21.83460335434176,0.8508750063503546,0.430961813013257
False,4,0.0067523504393461505,21.73414895681589,0.84742689424721,0.43005357505194314
True,,0.006285247548074492,22.04547481980474,0.858140193847527,0.4111958334841226
