Ensemble_mean,Ensemble_index,MSE,PSNR,R2_score,Mean_Quantile_Loss
False,0,0.023600142556946733,16.172821047519324,0.5324063245557553,0.07950427468891805
False,1,0.0223557043927467,16.408083727418948,0.5570625915108083,0.08051656552690133
False,2,0.02251083254950483,16.378051736751665,0.5539890107132179,0.07932914448465511
False,3,0.023359874370013824,16.217262282909346,0.5371667993854812,0.07966550768378099
False,4,0.022929414674050578,16.29803762583273,0.5456955712299892,0.07947518363136219
True,,0.021706980078238246,16.53597323416648,0.5699158777076649,0.07731908484442368
