Ensemble_mean,Ensemble_index,MSE,PSNR,R2_score,Mean_Quantile_Loss
False,0,0.006751459804956482,21.73472182861191,0.8476024777576137,0.4301889958955536
False,1,0.006623001626281599,21.81815007588067,0.8502433920641964,0.4287823160784646
False,2,0.006653777171819329,21.798016165771426,0.8494811739114384,0.43146290202334686
False,3,0.0066219570042178695,21.81883512686731,0.8500517305368797,0.43159996854627597
False,4,0.006729919364411204,21.748600085887947,0.8478759977675879,0.4301243858406518
True,,0.0063006354884092945,22.034855142367988,0.8576391384126835,0.4116533908599391
