Ensemble_mean,Ensemble_index,NMSE,NMSE no B10,Mean_Quantile_Loss
False,0,0.027843272371905304,0.024519165382354133,0.434835262996641
False,1,0.02885030238117395,0.02479630279251871,0.43677471234868065
False,2,0.0278450832465159,0.024230960452011337,0.4364192647068561
False,3,0.028011682448815797,0.024512870198043876,0.4354352257775077
False,4,0.027998256798847612,0.024436918976870756,0.4353880370497479
True,,0.02624439434076692,0.023034623509174224,0.4169572962664164
