Ensemble_mean,Ensemble_index,NMSE,Mean_Quantile_Loss
False,0,0.016184447729283895,0.434835262996641
False,1,0.01630334621725452,0.43677471234868065
False,2,0.015783875778191556,0.4364192647068561
False,3,0.01610734707531317,0.4354352257775077
False,4,0.015983201978775948,0.4353880370497479
True,,0.015165137314529294,0.4169572962664164
