Ensemble_mean,Ensemble_index,MSE,PSNR,R2_score,Mean_Quantile_Loss
False,0,0.006801944796990069,21.702367662987196,0.845722559301549,0.43543955273996
False,1,0.006816642864744371,21.692993280918614,0.8460120686292711,0.436545475433301
False,2,0.006691075195305786,21.773739587028828,0.8484092085412834,0.43308720991671346
False,3,0.0069608409321508065,21.602081598191827,0.8430702145095844,0.4362475642318026
False,4,0.00679392774199846,21.707489457322254,0.8464724403576122,0.43489268494677924
True,,0.00640785476550071,21.961572094048382,0.8551811643775314,0.41658613692302454
