Ensemble_mean,Ensemble_index,MSE,PSNR,R2_score,Mean_Quantile_Loss
False,0,0.005006844432583417,23.025760352876375,0.8357123048208331,0.4463114571177234
False,1,0.005062003126881429,22.97817723860672,0.8331895697256172,0.44810061301150633
False,2,0.004999996123213084,23.031704653512804,0.8352246783879328,0.44575883319736487
False,3,0.005007923121006459,23.02482479759938,0.8357162573502745,0.44503872396634825
False,4,0.005023885548273807,23.01100395998344,0.8349018791349333,0.4461119228157226
True,,0.004820423382885078,23.190549484958794,0.8415659988605174,0.4338295692287869
