Ensemble_mean,Ensemble_index,MSE,PSNR,R2_score,Mean_Quantile_Loss
False,0,0.006704362554657214,21.765123774920653,0.8485819807208541,0.4253305322536602
False,1,0.006670094376342168,21.787378904069396,0.8489917544184786,0.4221587162143816
False,2,0.006651137042343579,21.79973972995143,0.8495700058790546,0.4201010516086618
False,3,0.00653759092572257,21.874521271309042,0.8516623586813462,0.4241720145183741
False,4,0.006599480198742295,21.8336013914465,0.8511537538972701,0.42052778656909023
True,,0.0064127565063474765,21.958251192946147,0.8550226757644808,0.4113745866671615
