Ensemble_mean,Ensemble_index,MSE,PSNR,R2_score,Mean_Quantile_Loss
False,0,0.006870206811953941,21.65900058572046,0.8449559022763111,0.43484129965424145
False,1,0.00679063555389462,21.709594463016934,0.8459991232502464,0.4332448385153073
False,2,0.006859428651507279,21.665819261396262,0.8447789959453376,0.4359759222315791
False,3,0.0067179474864394175,21.756332645962164,0.8472456214049972,0.43248587296757635
False,4,0.006775830085647943,21.719073624185427,0.84700753925775,0.43165840970141217
True,,0.006420332320476879,21.95312361267468,0.8546590114993636,0.4157703091428438
